filename	Data type	Resp start	Mobile start	Stim	Trial stim	Participant	Trial order	Mobile loc	Music Move	Move Act
DS_T1_redo.qtm	Mocap 	4.25	7.5	12	T1	DS	1	6	Standing	Clapping
DS_T2.qtm	Mocap 	3.5	7	9	T2	DS	5	12	Standing	lean forward and back
DS_T3.qtm	Mocap 	4	8	18	T3	DS	2	6	Seated	lean forward and back
DS_T4.qtm	Mocap 	4	7	12	T4	DS	6	12	Standing	Remove phone
DS_T5.qtm	Mocap 	4	7	10	T5	DS	3	6	Seated	Text
DS_T6.qtm	Mocap 	3	6	8	T6	DS	7	12	Standing	Text
DS_T7.qtm	Mocap 	4	11	15	T7	DS	4	6	Seated	Stand stretch
DS_T8.qtm	Mocap 	2.5	4.5	8	T8	DS	8	12	Standing	Stand stretch
KB_Trial_01.qtm	Mocap 	5	10	23	T1	KB	9	6	Standing	Clapping
KB_Trial_02.qtm	Mocap 	6	12	17	T2	KB	10	6	Standing	lean forward and back
KB_Trial_03.qtm	Mocap 	5	9	14	T3	KB	11	6	Seated	lean forward and back
KB_Trial_04Redo.qtm	Mocap 	6	8	13	T4	KB	13	12	Standing	Remove phone
KB_Trial_05.qtm	Mocap 	4	6	14	T5	KB	14	12	Seated	Text
KB_Trial_06.qtm	Mocap 	4	7	12	T6	KB	12	6	Standing	Text
KB_Trial_07.qtm	Mocap 	4	7	10	T7	KB	15	12	Seated	Stand stretch
KB_Trial_08.qtm	Mocap 	4	6	9	T8	KB	16	12	Standing	Stand stretch